<?xml version="1.0" encoding="UTF-8"?>
<project-private xmlns="http://www.netbeans.org/ns/project-private/1">
    <editor-bookmarks xmlns="http://www.netbeans.org/ns/editor-bookmarks/2" lastBookmarkId="0"/>
    <open-files xmlns="http://www.netbeans.org/ns/projectui-open-files/2">
        <group>
            <file>file:/C:/Users/echor/Downloads/LibraryProject_3.1/LibraryProject_3_ver3/LibraryProject_3_1/src/libraryproject/LibraryProject.java</file>
            <file>file:/C:/Users/echor/Downloads/LibraryProject_3.1/LibraryProject_3_ver3/LibraryProject_3_1/src/libraryproject/Member.java</file>
            <file>file:/C:/Users/echor/Downloads/LibraryProject_3.1/LibraryProject_3_ver3/LibraryProject_3_1/src/libraryproject/Employee.java</file>
            <file>file:/C:/Users/echor/Downloads/LibraryProject_3.1/LibraryProject_3_ver3/LibraryProject_3_1/src/libraryproject/Owner.java</file>
            <file>file:/C:/Users/echor/Downloads/LibraryProject_3.1/LibraryProject_3_ver3/LibraryProject_3_1/src/libraryproject/Library.java</file>
            <file>file:/C:/Users/echor/Downloads/LibraryProject_3.1/LibraryProject_3_ver3/LibraryProject_3_1/src/libraryproject/MenuManager.java</file>
            <file>file:/C:/Users/echor/Downloads/LibraryProject_3.1/LibraryProject_3_ver3/LibraryProject_3_1/src/libraryproject/Person.java</file>
            <file>file:/C:/Users/echor/Downloads/LibraryProject_3.1/LibraryProject_3_ver3/LibraryProject_3_1/src/libraryproject/LibraryItem.java</file>
        </group>
    </open-files>
</project-private>
